,X,species_code,scientific_name,common_name.x,common_name.y,group,order,family,CCS.max,habitat_score,habitat_comment,English,bodymass,mass_comments
1,19,baleag,Haliaeetus leucocephalus,Bald Eagle,Bald Eagle,landbird,Accipitriformes,Accipitridae,9,3,,Bald Eagle,4700.58,
2,54,brwhaw,Buteo platypterus,Broad-winged Hawk,Broad-winged Hawk,landbird,Accipitriformes,Accipitridae,8,1,,Broad-winged Hawk,453.65,
3,92,coohaw,Accipiter cooperii,Cooper's Hawk,Cooper's Hawk,landbird,Accipitriformes,Accipitridae,7,1,,Cooper's Hawk,429.67,
4,121,goleag,Aquila chrysaetos,Golden Eagle,Golden Eagle,landbird,Accipitriformes,Accipitridae,10,1,Fishing rare,Golden Eagle,4247.97,
5,176,miskit,Ictinia mississippiensis,Mississippi Kite,Mississippi Kite,landbird,Accipitriformes,Accipitridae,9,1,,Mississippi Kite,276.03,
6,186,norhar2,Circus hudsonius,Northern Harrier,Northern Harrier,landbird,Accipitriformes,Accipitridae,11,1,,NA,392.98,
7,198,osprey,Pandion haliaetus,Osprey,Osprey,landbird,Accipitriformes,Pandionidae,7,3,,Osprey,1483.2,
8,227,reshaw,Buteo lineatus,Red-shouldered Hawk,Red-shouldered Hawk,landbird,Accipitriformes,Accipitridae,8,1,,Red-shouldered Hawk,603.72,
9,228,rethaw,Buteo jamaicensis,Red-tailed Hawk,Red-tailed Hawk,landbird,Accipitriformes,Accipitridae,7,1,,Red-tailed Hawk,1101.16,
10,237,rolhaw,Buteo lagopus,Rough-legged Hawk,Rough-legged Hawk,landbird,Accipitriformes,Accipitridae,9,1,,Rough-legged Hawk,949.76,
11,257,shshaw,Accipiter striatus,Sharp-shinned Hawk,Sharp-shinned Hawk,landbird,Accipitriformes,Accipitridae,9,1,,Sharp-shinned Hawk,130.59,
12,274,swtkit,Elanoides forficatus,Swallow-tailed Kite,Swallow-tailed Kite,landbird,Accipitriformes,Accipitridae,10,1,,American Swallow-tailed Kite,416.24,
13,3,ambduc,Anas rubripes,American Black Duck,American Black Duck,waterfowl,Anseriformes,Anatidae,12,4,Tolerant of vegetation but possibly high collision risk due to habitat use.,American Black Duck,1240.96,
14,12,amewig,Mareca americana,American Wigeon,American Wigeon,waterfowl,Anseriformes,Anatidae,10,4,,NA,754.61,
15,22,bargol,Bucephala islandica,Barrow's Goldeneye,Barrow's Goldeneye,waterfowl,Anseriformes,Anatidae,13,5,"""Prefers open water without emergent or dense submerged vegetation.""",Barrow's Goldeneye,921.21,
16,25,bbwduc,Dendrocygna autumnalis,Black-bellied Whistling-Duck,Black-bellied Whistling-Duck,waterfowl,Anseriformes,Anatidae,8,4,,Black-bellied Whistling-duck,755.3,
17,36,blksco2,Melanitta americana,Black Scoter,Black Scoter,waterfowl,Anseriformes,Anatidae,13,5,"""Feeds in open water; usually avoids dense aquatic vegetation which is rare in its breeding areas.""",NA,1049.98,
18,47,brant,Branta bernicla,Brant,Brant,waterfowl,Anseriformes,Anatidae,13,4,,Brent Goose,1277.91,
19,58,buffle,Bucephala albeola,Bufflehead,Bufflehead,waterfowl,Anseriformes,Anatidae,8,4,,Bufflehead,397.46,
20,61,buwtea,Spatula discors,Blue-winged Teal,Blue-winged Teal,waterfowl,Anseriformes,Anatidae,8,4,,NA,359.44,
21,63,cacgoo1,Branta hutchinsii,Cackling Goose,Cackling Goose,waterfowl,Anseriformes,Anatidae,10,4,,Cackling Goose,2811.68,
22,66,cangoo,Branta canadensis,Canada Goose,Canada Goose,waterfowl,Anseriformes,Anatidae,6,4,,Canada Goose,2811.68,
23,67,canvas,Aythya valisineria,Canvasback,Canvasback,waterfowl,Anseriformes,Anatidae,10,4,,Canvasback,1202,
24,79,cintea,Spatula cyanoptera,Cinnamon Teal,Cinnamon Teal,waterfowl,Anseriformes,Anatidae,12,4,,NA,377.45,
25,84,comgol,Bucephala clangula,Common Goldeneye,Common Goldeneye,waterfowl,Anseriformes,Anatidae,9,4,,Common Goldeneye,918.56,
26,87,commer,Mergus merganser,Common Merganser,Common Merganser,waterfowl,Anseriformes,Anatidae,10,5,,Common Merganser,1451.02,
27,114,fuwduc,Dendrocygna bicolor,Fulvous Whistling-Duck,Fulvous Whistling-Duck,waterfowl,Anseriformes,Anatidae,9,4,,Fulvous Whistling-duck,756.37,
28,115,gadwal,Mareca strepera,Gadwall,Gadwall,waterfowl,Anseriformes,Anatidae,8,4,,NA,915.58,
29,119,gnwtea,Anas crecca,Green-winged Teal,Green-winged Teal,waterfowl,Anseriformes,Anatidae,9,4,,Common Teal,341.89,
30,128,gresca,Aythya marila,Greater Scaup,Greater Scaup,waterfowl,Anseriformes,Anatidae,10,4,,Greater Scaup,1005.37,
31,134,gwfgoo,Anser albifrons,Greater White-fronted Goose,Greater White-fronted Goose,waterfowl,Anseriformes,Anatidae,9,4,,Greater White-fronted Goose,2506.39,
32,141,hoomer,Lophodytes cucullatus,Hooded Merganser,Hooded Merganser,waterfowl,Anseriformes,Anatidae,8,5,,Hooded Merganser,613.77,
33,160,lessca,Aythya affinis,Lesser Scaup,Lesser Scaup,waterfowl,Anseriformes,Anatidae,9,4,,Lesser Scaup,819.45,
34,169,lotduc,Clangula hyemalis,Long-tailed Duck,Long-tailed Duck,waterfowl,Anseriformes,Anatidae,13,4,,Long-tailed Duck,871,
35,172,mallar3,Anas platyrhynchos,Mallard,Mallard,waterfowl,Anseriformes,Anatidae,7,4,,Mallard,843.42,
36,177,motduc,Anas fulvigula,Mottled Duck,Mottled Duck,waterfowl,Anseriformes,Anatidae,17,4,,Mottled Duck,843.42,
37,180,mutswa,Cygnus olor,Mute Swan,Mute Swan,waterfowl,Anseriformes,Anatidae,8,4,,Mute Swan,10682.04,
38,189,norpin,Anas acuta,Northern Pintail,Northern Pintail,waterfowl,Anseriformes,Anatidae,13,4,,Northern Pintail,944.62,
39,190,norsho,Spatula clypeata,Northern Shoveler,Northern Shoveler,waterfowl,Anseriformes,Anatidae,7,4,,NA,612.56,
40,217,rebmer,Mergus serrator,Red-breasted Merganser,Red-breasted Merganser,waterfowl,Anseriformes,Anatidae,9,5,,Red-breasted Merganser,1015.17,
41,222,redhea,Aythya americana,Redhead,Redhead,waterfowl,Anseriformes,Anatidae,8,4,,Redhead,1075.69,
42,232,rinduc,Aythya collaris,Ring-necked Duck,Ring-necked Duck,waterfowl,Anseriformes,Anatidae,8,4,,Ring-necked Duck,704.55,
43,238,rosgoo,Anser rossii,Ross's Goose,Ross's Goose,waterfowl,Anseriformes,Anatidae,12,4,,NA,1635.99,
44,243,rudduc,Oxyura jamaicensis,Ruddy Duck,Ruddy Duck,waterfowl,Anseriformes,Anatidae,8,5,Needs space to take off,Ruddy Duck,608.15,
45,260,snogoo,Anser caerulescens,Snow Goose,Snow Goose,waterfowl,Anseriformes,Anatidae,10,4,,NA,2636.15,
46,270,sursco,Melanitta perspicillata,Surf Scoter,Surf Scoter,waterfowl,Anseriformes,Anatidae,11,4,,Surf Scoter,1096.33,
47,278,truswa,Cygnus buccinator,Trumpeter Swan,Trumpeter Swan,waterfowl,Anseriformes,Anatidae,11,4,,Trumpeter Swan,11071.13,
48,280,tunswa,Cygnus columbianus,Tundra Swan,Tundra Swan,waterfowl,Anseriformes,Anatidae,11,4,,Tundra Swan,6377.96,
49,298,whwsco2,Melanitta deglandi,White-winged Scoter,White-winged Scoter,waterfowl,Anseriformes,Anatidae,12,4,,NA,1800.17,
50,307,wooduc,Aix sponsa,Wood Duck,Wood Duck,waterfowl,Anseriformes,Anatidae,7,4,,Wood Duck,657.59,
51,76,chiswi,Chaetura pelagica,Chimney Swift,Chimney Swift,landbird,Apodiformes,Apodidae,13,1,,Chimney Swift,23.6,
52,241,rthhum,Archilochus colubris,Ruby-throated Hummingbird,Ruby-throated Hummingbird,landbird,Apodiformes,Trochilidae,8,1,,Ruby-throated Hummingbird,3.09,
53,78,chwwid,Antrostomus carolinensis,Chuck-will's-widow,Chuck-will's-widow,landbird,Caprimulgiformes,Caprimulgidae,12,1,,NA,109,
54,88,comnig,Chordeiles minor,Common Nighthawk,Common Nighthawk,landbird,Caprimulgiformes,Caprimulgidae,11,1,,Common Nighthawk,79.3,
55,104,easwpw1,Antrostomus vociferus,Eastern Whip-poor-will,Eastern Whip-poor-will,landbird,Caprimulgiformes,Caprimulgidae,14,1,,NA,53.3,
56,38,blkvul,Coragyps atratus,Black Vulture,Black Vulture,landbird,Cathartiformes,Cathartidae,5,1,,Black Vulture,1881.69,
57,281,turvul,Cathartes aura,Turkey Vulture,Turkey Vulture,landbird,Cathartiformes,Cathartidae,6,1,,Turkey Vulture,1518.24,
58,4,ameavo,Recurvirostra americana,American Avocet,American Avocet,shorebird,Charadriiformes,Recurvirostridae,11,3,,American Avocet,304.48,
59,13,amgplo,Pluvialis dominica,American Golden-Plover,American Golden-Plover,shorebird,Charadriiformes,Charadriidae,15,3,,American Golden Plover,151.47,
60,18,baisan,Calidris bairdii,Baird's Sandpiper,Baird's Sandpiper,shorebird,Charadriiformes,Scolopacidae,13,3,,Baird's Sandpiper,40.97,
61,31,bkbplo,Pluvialis squatarola,Black-bellied Plover,Black-bellied Plover,shorebird,Charadriiformes,Charadriidae,13,3,,Grey Plover,250,
62,37,blkter,Chlidonias niger,Black Tern,Black Tern,waterbird,Charadriiformes,Laridae,12,3,,Black Tern,65.3,
63,45,bongul,Chroicocephalus philadelphia,Bonaparte's Gull,Bonaparte's Gull,waterbird,Charadriiformes,Laridae,10,3,,NA,210.71,
64,57,bubsan,Calidris subruficollis,Buff-breasted Sandpiper,Buff-breasted Sandpiper,shorebird,Charadriiformes,Scolopacidae,15,3,,NA,62.1,
65,64,calgul,Larus californicus,California Gull,California Gull,waterbird,Charadriiformes,Laridae,12,3,,California Gull,683.39,
66,71,caster1,Hydroprogne caspia,Caspian Tern,Caspian Tern,waterbird,Charadriiformes,Laridae,9,3,,NA,655,
67,97,dunlin,Calidris alpina,Dunlin,Dunlin,shorebird,Charadriiformes,Scolopacidae,12,3,,Dunlin,51.89,
68,111,forter,Sterna forsteri,Forster's Tern,Forster's Tern,waterbird,Charadriiformes,Laridae,13,3,,Forster's Tern,149,
69,113,fragul,Leucophaeus pipixcan,Franklin's Gull,Franklin's Gull,waterbird,Charadriiformes,Laridae,11,3,,NA,280,
70,116,gbbgul,Larus marinus,Great Black-backed Gull,Great Black-backed Gull,waterbird,Charadriiformes,Laridae,15,3,,Great Black-backed Gull,1649.71,
71,117,glagul,Larus hyperboreus,Glaucous Gull,Glaucous Gull,waterbird,Charadriiformes,Laridae,13,3,,Glaucous Gull,1529.04,
72,129,greyel,Tringa melanoleuca,Greater Yellowlegs,Greater Yellowlegs,shorebird,Charadriiformes,Scolopacidae,14,3,,Greater Yellowlegs,161.74,
73,138,hergul,Larus argentatus,Herring Gull,Herring Gull,waterbird,Charadriiformes,Laridae,12,3,,Herring Gull,1090.99,
74,148,hudgod,Limosa haemastica,Hudsonian Godwit,Hudsonian Godwit,shorebird,Charadriiformes,Scolopacidae,17,3,,Hudsonian Godwit,253.29,
75,151,killde,Charadrius vociferus,Killdeer,Killdeer,shorebird,Charadriiformes,Charadriidae,10,3,,Killdeer,96.44,
76,154,laugul,Leucophaeus atricilla,Laughing Gull,Laughing Gull,waterbird,Charadriiformes,Laridae,11,3,,NA,307.41,
77,155,lbbgul,Larus fuscus,Lesser Black-backed Gull,Lesser Black-backed Gull,waterbird,Charadriiformes,Laridae,7,3,,Lesser Black-backed Gull,762.36,
78,159,leasan,Calidris minutilla,Least Sandpiper,Least Sandpiper,shorebird,Charadriiformes,Scolopacidae,11,3,,Least Sandpiper,22.88,
79,161,lesyel,Tringa flavipes,Lesser Yellowlegs,Lesser Yellowlegs,shorebird,Charadriiformes,Scolopacidae,13,3,,Lesser Yellowlegs,77.5,
80,165,lobcur,Numenius americanus,Long-billed Curlew,Long-billed Curlew,shorebird,Charadriiformes,Scolopacidae,12,3,,Long-billed Curlew,583.86,
81,166,lobdow,Limnodromus scolopaceus,Long-billed Dowitcher,Long-billed Dowitcher,shorebird,Charadriiformes,Scolopacidae,14,3,,Long-billed Dowitcher,104.4,
82,173,margod,Limosa fedoa,Marbled Godwit,Marbled Godwit,shorebird,Charadriiformes,Scolopacidae,15,3,,Marbled Godwit,357.02,
83,202,pecsan,Calidris melanotos,Pectoral Sandpiper,Pectoral Sandpiper,shorebird,Charadriiformes,Scolopacidae,14,3,,Pectoral Sandpiper,79.73,
84,210,pipplo,Charadrius melodus,Piping Plover,Piping Plover,shorebird,Charadriiformes,Charadriidae,16,3,,Piping Plover,54.39,
85,216,pursan,Calidris maritima,Purple Sandpiper,Purple Sandpiper,shorebird,Charadriiformes,Scolopacidae,12,3,,Purple Sandpiper,65.1,
86,223,redkno,Calidris canutus,Red Knot,Red Knot,shorebird,Charadriiformes,Scolopacidae,13,3,,Red Knot,141.87,
87,231,ribgul,Larus delawarensis,Ring-billed Gull,Ring-billed Gull,waterbird,Charadriiformes,Laridae,8,3,,Ring-billed Gull,516.31,
88,236,rocsan,Calidris ptilocnemis,Rock Sandpiper,Rock Sandpiper,shorebird,Charadriiformes,Scolopacidae,15,3,,Rock Sandpiper,81.32,
89,240,royter1,Thalasseus maximus,Royal Tern,Royal Tern,waterbird,Charadriiformes,Laridae,11,3,,NA,415.31,
90,244,rudtur,Arenaria interpres,Ruddy Turnstone,Ruddy Turnstone,shorebird,Charadriiformes,Scolopacidae,14,3,,Ruddy Turnstone,135.98,
91,247,sabgul,Xema sabini,Sabine's Gull,Sabine's Gull,waterbird,Charadriiformes,Laridae,12,3,,Sabine's Gull,198,
92,249,sander,Calidris alba,Sanderling,Sanderling,shorebird,Charadriiformes,Scolopacidae,13,3,,Sanderling,51.71,
93,250,santer1,Thalasseus sandvicensis,Sandwich Tern,Sandwich Tern,waterbird,Charadriiformes,Laridae,10,3,,NA,199.83,
94,254,semsan,Calidris pusilla,Semipalmated Sandpiper,Semipalmated Sandpiper,shorebird,Charadriiformes,Scolopacidae,14,3,,Semipalmated Sandpiper,27.5,
95,255,shbdow,Limnodromus griseus,Short-billed Dowitcher,Short-billed Dowitcher,shorebird,Charadriiformes,Scolopacidae,15,3,,Short-billed Dowitcher,110.53,
96,262,snoplo5,Anarhynchus nivosus,Snowy Plover,NA,shorebird,Charadriiformes,Charadriidae,14,3,,NA,45.25,AAB
97,263,solsan,Tringa solitaria,Solitary Sandpiper,Solitary Sandpiper,shorebird,Charadriiformes,Scolopacidae,10,3,,Solitary Sandpiper,48.4,
98,266,sposan,Actitis macularius,Spotted Sandpiper,Spotted Sandpiper,shorebird,Charadriiformes,Scolopacidae,12,3,,Spotted Sandpiper,40.4,
99,268,stisan,Calidris himantopus,Stilt Sandpiper,Stilt Sandpiper,shorebird,Charadriiformes,Scolopacidae,15,3,,Stilt Sandpiper,57.24,
100,282,uplsan,Bartramia longicauda,Upland Sandpiper,Upland Sandpiper,shorebird,Charadriiformes,Scolopacidae,11,1,,Upland Sandpiper,158.92,
101,286,wantat1,Tringa incana,Wandering Tattler,Wandering Tattler,shorebird,Charadriiformes,Scolopacidae,14,3,,NA,108.24,
102,289,wesgul,Larus occidentalis,Western Gull,Western Gull,waterbird,Charadriiformes,Laridae,15,3,,Western Gull,922.78,
103,290,wessan,Calidris mauri,Western Sandpiper,Western Sandpiper,shorebird,Charadriiformes,Scolopacidae,14,3,,Western Sandpiper,27.82,
104,300,willet1,Tringa semipalmata,Willet,Willet,shorebird,Charadriiformes,Scolopacidae,14,3,,NA,245.7,
105,301,wilpha,Phalaropus tricolor,Wilson's Phalarope,Wilson's Phalarope,shorebird,Charadriiformes,Scolopacidae,11,3,,NA,59.39,
106,302,wilsni1,Gallinago delicata,Wilson's Snipe,Wilson's Snipe,shorebird,Charadriiformes,Scolopacidae,9,3,,NA,112.5,AAB
107,311,y00478,Larus glaucoides,Iceland Gull,Iceland Gull,waterbird,Charadriiformes,Laridae,11,3,,Iceland Gull,693.31,
108,308,woosto,Mycteria americana,Wood Stork,Wood Stork,waterbird,Ciconiiformes,Ciconiidae,10,3,,Wood Stork,2554.47,
109,106,eucdov,Streptopelia decaocto,Eurasian Collared-Dove,Eurasian Collared-Dove,landbird,Columbiformes,Columbidae,5,1,,Eurasian Collared-dove,148.96,
110,178,moudov,Zenaida macroura,Mourning Dove,Mourning Dove,landbird,Columbiformes,Columbidae,7,1,,Mourning Dove,118.93,
111,235,rocpig,Columba livia,Rock Pigeon,Rock Pigeon,landbird,Columbiformes,Columbidae,7,1,,Rock Pigeon,354.2,
112,27,belkin1,Megaceryle alcyon,Belted Kingfisher,Belted Kingfisher,landbird,Coraciiformes,Alcedinidae,10,3,,Belted Kingfisher,148,
113,30,bkbcuc,Coccyzus erythropthalmus,Black-billed Cuckoo,Black-billed Cuckoo,landbird,Cuculiformes,Cuculidae,12,1,,Black-billed Cuckoo,50.9,
114,314,yebcuc,Coccyzus americanus,Yellow-billed Cuckoo,Yellow-billed Cuckoo,landbird,Cuculiformes,Cuculidae,11,1,,Yellow-billed Cuckoo,64,
115,8,amekes,Falco sparverius,American Kestrel,American Kestrel,landbird,Falconiformes,Falconidae,10,1,,American Kestrel,114.61,
116,175,merlin,Falco columbarius,Merlin,Merlin,landbird,Falconiformes,Falconidae,8,1,,Merlin,188.5,
117,203,perfal,Falco peregrinus,Peregrine Falcon,Peregrine Falcon,landbird,Falconiformes,Falconidae,9,1,,Peregrine Falcon,759.95,
118,183,norbob,Colinus virginianus,Northern Bobwhite,Northern Bobwhite,landbird,Galliformes,Odontophoridae,12,1,,Northern Bobwhite,171.89,
119,233,rinphe1,Phasianus colchicus,Ring-necked Pheasant,Ring-necked Pheasant,landbird,Galliformes,Phasianidae,8,1,,Common Pheasant,1120.31,
120,245,rufgro,Bonasa umbellus,Ruffed Grouse,Ruffed Grouse,landbird,Galliformes,Phasianidae,8,1,,Ruffed Grouse,530.91,
121,267,sprgro,Canachites canadensis,Spruce Grouse,Spruce Grouse,landbird,Galliformes,Phasianidae,8,1,,NA,473.65,
122,303,wiltur,Meleagris gallopavo,Wild Turkey,Wild Turkey,landbird,Galliformes,Phasianidae,7,1,,Wild Turkey,5791.37,
123,86,comloo,Gavia immer,Common Loon,Common Loon,waterbird,Gaviiformes,Gaviidae,9,5,,Common Loon,4956.81,
124,200,pacloo,Gavia pacifica,Pacific Loon,Pacific Loon,waterbird,Gaviiformes,Gaviidae,10,5,,Pacific Loon,2251.1,
125,229,retloo,Gavia stellata,Red-throated Loon,Red-throated Loon,waterbird,Gaviiformes,Gaviidae,9,5,,Red-throated Loon,1486,
126,83,comgal1,Gallinula galeata,Common Gallinule,Common Gallinule,waterbird,Gruiformes,Rallidae,8,3,,NA,383,AAB
127,152,kinrai4,Rallus elegans,King Rail,King Rail,waterbird,Gruiformes,Rallidae,15,3,,King Rail,313.31,
128,163,limpki,Aramus guarauna,Limpkin,Limpkin,waterbird,Gruiformes,Aramidae,8,3,,Limpkin,1080,
129,214,purgal2,Porphyrio martinica,Purple Gallinule,NA,waterbird,Gruiformes,Rallidae,11,3,,Yellow-legged Gallinule,235.06,
130,248,sancra,Antigone canadensis,Sandhill Crane,Sandhill Crane,waterbird,Gruiformes,Gruidae,8,3,,NA,4296.22,
131,265,sora,Porzana carolina,Sora,Sora,waterbird,Gruiformes,Rallidae,9,3,,Sora,74.8,
132,285,virrai,Rallus limicola,Virginia Rail,Virginia Rail,waterbird,Gruiformes,Rallidae,10,3,,Virginia Rail,84.1,
133,310,y00475,Fulica americana,American Coot,American Coot,waterbird,Gruiformes,Rallidae,10,3,,American Coot,636.74,
134,1,acafly,Empidonax virescens,Acadian Flycatcher,Acadian Flycatcher,landbird,Passeriformes,Tyrannidae,10,1,,Acadian Flycatcher,12.6,
135,2,aldfly,Empidonax alnorum,Alder Flycatcher,Alder Flycatcher,landbird,Passeriformes,Tyrannidae,8,1,,Alder Flycatcher,12.7,
136,6,amecro,Corvus brachyrhynchos,American Crow,American Crow,landbird,Passeriformes,Corvidae,8,1,,American Crow,448.76,
137,7,amegfi,Spinus tristis,American Goldfinch,American Goldfinch,landbird,Passeriformes,Fringillidae,8,1,,NA,12.79,
138,9,amepip,Anthus rubescens,American Pipit,American Pipit,landbird,Passeriformes,Motacillidae,9,2,"Tricky one, hang out on shorelines but not as important for habitat as for other species.",American Pipit,20.68,
139,10,amered,Setophaga ruticilla,American Redstart,American Redstart,landbird,Passeriformes,Parulidae,9,1,,American Redstart,8.24,
140,11,amerob,Turdus migratorius,American Robin,American Robin,landbird,Passeriformes,Turdidae,7,1,,American Robin,78.5,
141,14,amtspa,Spizelloides arborea,American Tree Sparrow,American Tree Sparrow,landbird,Passeriformes,Passerellidae,12,1,,NA,17.83,
142,17,babwar,Setophaga castanea,Bay-breasted Warbler,Bay-breasted Warbler,landbird,Passeriformes,Parulidae,10,1,,NA,11.8,
143,20,balori,Icterus galbula,Baltimore Oriole,Baltimore Oriole,landbird,Passeriformes,Icteridae,11,1,,Baltimore Oriole,32.83,
144,21,banswa,Riparia riparia,Bank Swallow,Bank Swallow,landbird,Passeriformes,Hirundinidae,11,2,"""Presently breeds primarily in lowland areas along ocean coasts, rivers, streams, lakes, reservoirs, and wetlands (Cramp 1988, Turner and Rose 1989a, Am. Ornithol. Union American Ornithologists' Union 1998a). """,Sand Martin,12.68,
145,23,barswa,Hirundo rustica,Barn Swallow,Barn Swallow,landbird,Passeriformes,Hirundinidae,9,2,,Barn Swallow,17.91,
146,24,bawwar,Mniotilta varia,Black-and-white Warbler,Black-and-white Warbler,landbird,Passeriformes,Parulidae,9,1,,Black-and-white Warbler,10.9,
147,28,belvir,Vireo bellii,Bell's Vireo,Bell's Vireo,landbird,Passeriformes,Vireonidae,10,1,,Bell's Vireo,8.5,
148,29,bicthr,Catharus bicknelli,Bicknell's Thrush,Bicknell's Thrush,landbird,Passeriformes,Turdidae,17,1,,Bicknell's Thrush,27.79,
149,32,bkbwar,Setophaga fusca,Blackburnian Warbler,Blackburnian Warbler,landbird,Passeriformes,Parulidae,10,1,,NA,9.74,
150,34,bkcchi,Poecile atricapillus,Black-capped Chickadee,Black-capped Chickadee,landbird,Passeriformes,Paridae,7,1,,NA,10.8,
151,35,bkpwar,Setophaga striata,Blackpoll Warbler,Blackpoll Warbler,landbird,Passeriformes,Parulidae,11,1,,NA,11.84,
152,39,blugrb1,Passerina caerulea,Blue Grosbeak,Blue Grosbeak,landbird,Passeriformes,Cardinalidae,7,1,,Blue Grosbeak,27.39,
153,40,blujay,Cyanocitta cristata,Blue Jay,Blue Jay,landbird,Passeriformes,Corvidae,8,1,,Blue Jay,88,
154,41,bnhcow,Molothrus ater,Brown-headed Cowbird,Brown-headed Cowbird,landbird,Passeriformes,Icteridae,8,1,,Brown-headed Cowbird,40.26,
155,42,bnhnut,Sitta pusilla,Brown-headed Nuthatch,Brown-headed Nuthatch,landbird,Passeriformes,Sittidae,13,1,,Brown-headed Nuthatch,10.2,
156,43,boboli,Dolichonyx oryzivorus,Bobolink,Bobolink,landbird,Passeriformes,Icteridae,14,1,,Bobolink,31.46,
157,44,bohwax,Bombycilla garrulus,Bohemian Waxwing,Bohemian Waxwing,landbird,Passeriformes,Bombycillidae,11,1,,Bohemian Waxwing,54.41,
158,46,botgra,Quiscalus major,Boat-tailed Grackle,Boat-tailed Grackle,landbird,Passeriformes,Icteridae,13,1,,Boat-tailed Grackle,151.21,
159,49,brebla,Euphagus cyanocephalus,Brewer's Blackbird,Brewer's Blackbird,landbird,Passeriformes,Icteridae,11,1,,Brewer's Blackbird,62.48,
160,50,brncre,Certhia americana,Brown Creeper,Brown Creeper,landbird,Passeriformes,Certhiidae,8,1,,American Treecreeper,8.1,
161,53,brnthr,Toxostoma rufum,Brown Thrasher,Brown Thrasher,landbird,Passeriformes,Mimidae,11,1,,Brown Thrasher,68.8,
162,55,btbwar,Setophaga caerulescens,Black-throated Blue Warbler,Black-throated Blue Warbler,landbird,Passeriformes,Parulidae,10,1,,NA,10.14,
163,56,btnwar,Setophaga virens,Black-throated Green Warbler,Black-throated Green Warbler,landbird,Passeriformes,Parulidae,11,1,,NA,8.69,
164,59,buggna,Polioptila caerulea,Blue-gray Gnatcatcher,Blue-gray Gnatcatcher,landbird,Passeriformes,Polioptilidae,8,1,,Blue-grey Gnatcatcher,5.8,
165,60,buhvir,Vireo solitarius,Blue-headed Vireo,Blue-headed Vireo,landbird,Passeriformes,Vireonidae,8,1,,Blue-headed Vireo,15.3,
166,62,buwwar,Vermivora cyanoptera,Blue-winged Warbler,Blue-winged Warbler,landbird,Passeriformes,Parulidae,14,1,,NA,8.9,
167,65,camwar,Setophaga tigrina,Cape May Warbler,Cape May Warbler,landbird,Passeriformes,Parulidae,11,1,,NA,10.04,
168,68,canwar,Cardellina canadensis,Canada Warbler,Canada Warbler,landbird,Passeriformes,Parulidae,13,1,,NA,10.04,
169,69,carchi,Poecile carolinensis,Carolina Chickadee,Carolina Chickadee,landbird,Passeriformes,Paridae,9,1,,NA,9.99,
170,70,carwre,Thryothorus ludovicianus,Carolina Wren,Carolina Wren,landbird,Passeriformes,Troglodytidae,7,1,,Carolina Wren,18.96,
171,73,cedwax,Bombycilla cedrorum,Cedar Waxwing,Cedar Waxwing,landbird,Passeriformes,Bombycillidae,8,1,,Cedar Waxwing,31.58,
172,74,cerwar,Setophaga cerulea,Cerulean Warbler,Cerulean Warbler,landbird,Passeriformes,Parulidae,14,1,,NA,9.04,
173,75,chispa,Spizella passerina,Chipping Sparrow,Chipping Sparrow,landbird,Passeriformes,Passerellidae,9,1,,Chipping Sparrow,12.2,
174,77,chswar,Setophaga pensylvanica,Chestnut-sided Warbler,Chestnut-sided Warbler,landbird,Passeriformes,Parulidae,12,1,,NA,9.29,
175,81,clcspa,Spizella pallida,Clay-colored Sparrow,Clay-colored Sparrow,landbird,Passeriformes,Passerellidae,10,1,,Clay-coloured Sparrow,11.2,
176,82,cliswa,Petrochelidon pyrrhonota,Cliff Swallow,Cliff Swallow,landbird,Passeriformes,Hirundinidae,5,2,,Cliff Swallow,21.6,
177,85,comgra,Quiscalus quiscula,Common Grackle,Common Grackle,landbird,Passeriformes,Icteridae,10,1,,Common Grackle,105.18,
178,89,comrav,Corvus corax,Common Raven,Common Raven,landbird,Passeriformes,Corvidae,6,1,,Common Raven,927.97,
179,90,comred,Acanthis flammea,Common Redpoll,Common Redpoll,landbird,Passeriformes,Fringillidae,9,1,,NA,13,
180,91,comyel,Geothlypis trichas,Common Yellowthroat,Common Yellowthroat,landbird,Passeriformes,Parulidae,9,2,,Common Yellowthroat,9.54,
181,93,daejun,Junco hyemalis,Dark-eyed Junco,Dark-eyed Junco,landbird,Passeriformes,Passerellidae,9,1,,Dark-eyed Junco,19.5,
182,94,dickci,Spiza americana,Dickcissel,Dickcissel,landbird,Passeriformes,Cardinalidae,10,1,,Dickcissel,26.18,
183,98,easblu,Sialia sialis,Eastern Bluebird,Eastern Bluebird,landbird,Passeriformes,Turdidae,7,1,,Eastern Bluebird,27.5,
184,99,easkin,Tyrannus tyrannus,Eastern Kingbird,Eastern Kingbird,landbird,Passeriformes,Tyrannidae,11,2,,Eastern Kingbird,39.85,
185,100,easmea,Sturnella magna,Eastern Meadowlark,Eastern Meadowlark,landbird,Passeriformes,Icteridae,11,1,,Eastern Meadowlark,91.76,
186,102,easpho,Sayornis phoebe,Eastern Phoebe,Eastern Phoebe,landbird,Passeriformes,Tyrannidae,9,1,,Eastern Phoebe,19.7,
187,103,eastow,Pipilo erythrophthalmus,Eastern Towhee,Eastern Towhee,landbird,Passeriformes,Passerellidae,13,1,,Eastern Towhee,40.03,
188,105,eawpew,Contopus virens,Eastern Wood-Pewee,Eastern Wood-Pewee,landbird,Passeriformes,Tyrannidae,9,1,,Eastern Wood-pewee,13.9,
189,107,eursta,Sturnus vulgaris,European Starling,European Starling,landbird,Passeriformes,Sturnidae,9,1,,Common Starling,77.14,
190,108,evegro,Coccothraustes vespertinus,Evening Grosbeak,Evening Grosbeak,landbird,Passeriformes,Fringillidae,14,1,,Evening Grosbeak,57.3,
191,109,fiespa,Spizella pusilla,Field Sparrow,Field Sparrow,landbird,Passeriformes,Passerellidae,13,1,,Field Sparrow,12.5,
192,110,fiscro,Corvus ossifragus,Fish Crow,Fish Crow,landbird,Passeriformes,Corvidae,11,1,,Fish Crow,284.6,
193,112,foxspa,Passerella iliaca,Fox Sparrow,Fox Sparrow,landbird,Passeriformes,Passerellidae,9,1,,Fox Sparrow,33.25,
194,120,gockin,Regulus satrapa,Golden-crowned Kinglet,Golden-crowned Kinglet,landbird,Passeriformes,Regulidae,10,1,,Golden-crowned Kinglet,6.19,
195,122,gowwar,Vermivora chrysoptera,Golden-winged Warbler,Golden-winged Warbler,landbird,Passeriformes,Parulidae,15,1,,Golden-winged Warbler,8.74,
196,123,graspa,Ammodramus savannarum,Grasshopper Sparrow,Grasshopper Sparrow,landbird,Passeriformes,Passerellidae,12,1,,Grasshopper Sparrow,17.61,
197,125,grcfly,Myiarchus crinitus,Great Crested Flycatcher,Great Crested Flycatcher,landbird,Passeriformes,Tyrannidae,8,1,,Great Crested Flycatcher,32.1,
198,132,grycat,Dumetella carolinensis,Gray Catbird,Gray Catbird,landbird,Passeriformes,Mimidae,8,1,,Grey Catbird,35.3,
199,133,gryjay,Perisoreus canadensis,Canada Jay,Canada Jay,landbird,Passeriformes,Corvidae,9,1,,Grey Jay,71.58,
200,135,gycthr,Catharus minimus,Gray-cheeked Thrush,Gray-cheeked Thrush,landbird,Passeriformes,Turdidae,9,1,,Grey-cheeked Thrush,31.58,
201,137,henspa,Centronyx henslowii,Henslow's Sparrow,Henslow's Sparrow,landbird,Passeriformes,Passerellidae,15,1,,NA,12.8,
202,139,herthr,Catharus guttatus,Hermit Thrush,Hermit Thrush,landbird,Passeriformes,Turdidae,9,1,,Hermit Thrush,30.1,
203,140,hoared,Acanthis hornemanni,Hoary Redpoll,Hoary Redpoll,landbird,Passeriformes,Fringillidae,9,1,,NA,15.2,
204,142,hoowar,Setophaga citrina,Hooded Warbler,Hooded Warbler,landbird,Passeriformes,Parulidae,10,1,,NA,10.54,
205,144,horlar,Eremophila alpestris,Horned Lark,Horned Lark,landbird,Passeriformes,Alaudidae,9,1,,Horned Lark,33.33,
206,145,houfin,Haemorhous mexicanus,House Finch,House Finch,landbird,Passeriformes,Fringillidae,6,1,,NA,21.4,
207,146,houspa,Passer domesticus,House Sparrow,House Sparrow,landbird,Passeriformes,Passeridae,9,1,,House Sparrow,26.51,
208,147,houwre,Troglodytes aedon,House Wren,House Wren,landbird,Passeriformes,Troglodytidae,5,1,,House Wren,10.85,
209,149,indbun,Passerina cyanea,Indigo Bunting,Indigo Bunting,landbird,Passeriformes,Cardinalidae,10,1,,Indigo Bunting,14.69,
210,150,kenwar,Geothlypis formosa,Kentucky Warbler,Kentucky Warbler,landbird,Passeriformes,Parulidae,14,1,,NA,14,
211,153,laplon,Calcarius lapponicus,Lapland Longspur,Lapland Longspur,landbird,Passeriformes,Calcariidae,10,1,,Lapland Longspur,27.84,
212,157,leafly,Empidonax minimus,Least Flycatcher,Least Flycatcher,landbird,Passeriformes,Tyrannidae,11,1,,Least Flycatcher,10,
213,164,linspa,Melospiza lincolnii,Lincoln's Sparrow,Lincoln's Sparrow,landbird,Passeriformes,Passerellidae,7,1,,Lincoln's Sparrow,16.6,
214,168,logshr,Lanius ludovicianus,Loggerhead Shrike,Loggerhead Shrike,landbird,Passeriformes,Laniidae,11,1,,Loggerhead Shrike,51.59,
215,170,louwat,Parkesia motacilla,Louisiana Waterthrush,Louisiana Waterthrush,landbird,Passeriformes,Parulidae,11,2,,NA,19.9,
216,171,magwar,Setophaga magnolia,Magnolia Warbler,Magnolia Warbler,landbird,Passeriformes,Parulidae,9,1,,NA,8.14,
217,174,marwre,Cistothorus palustris,Marsh Wren,Marsh Wren,landbird,Passeriformes,Troglodytidae,7,2,,Marsh Wren,10.8,
218,179,mouwar,Geothlypis philadelphia,Mourning Warbler,Mourning Warbler,landbird,Passeriformes,Parulidae,12,1,,NA,11.74,
219,181,naswar,Leiothlypis ruficapilla,Nashville Warbler,Nashville Warbler,landbird,Passeriformes,Parulidae,11,1,,NA,8.09,
220,184,norcar,Cardinalis cardinalis,Northern Cardinal,Northern Cardinal,landbird,Passeriformes,Cardinalidae,6,1,,Northern Cardinal,42.64,
221,187,normoc,Mimus polyglottos,Northern Mockingbird,Northern Mockingbird,landbird,Passeriformes,Mimidae,9,1,,Northern Mockingbird,48.5,
222,188,norpar,Setophaga americana,Northern Parula,Northern Parula,landbird,Passeriformes,Parulidae,9,1,,NA,7.84,
223,191,norshr4,Lanius borealis,Northern Shrike,Northern Shrike,landbird,Passeriformes,Laniidae,13,1,,NA,67.5,AAB
224,192,norwat,Parkesia noveboracensis,Northern Waterthrush,Northern Waterthrush,landbird,Passeriformes,Parulidae,8,2,,NA,16.3,
225,193,nrwswa,Stelgidopteryx serripennis,Northern Rough-winged Swallow,Northern Rough-winged Swallow,landbird,Passeriformes,Hirundinidae,9,2,,Northern Rough-winged Swallow,15.69,
226,195,olsfly,Contopus cooperi,Olive-sided Flycatcher,Olive-sided Flycatcher,landbird,Passeriformes,Tyrannidae,13,1,,Olive-sided Flycatcher,32.1,
227,196,orcori,Icterus spurius,Orchard Oriole,Orchard Oriole,landbird,Passeriformes,Icteridae,10,1,,Orchard Oriole,19.44,
228,197,orcwar,Leiothlypis celata,Orange-crowned Warbler,Orange-crowned Warbler,landbird,Passeriformes,Parulidae,8,1,,NA,9.19,
229,199,ovenbi1,Seiurus aurocapilla,Ovenbird,Ovenbird,landbird,Passeriformes,Parulidae,9,1,,Ovenbird,18.8,
230,201,palwar,Setophaga palmarum,Palm Warbler,Palm Warbler,landbird,Passeriformes,Parulidae,10,1,,NA,10.3,
231,204,phivir,Vireo philadelphicus,Philadelphia Vireo,Philadelphia Vireo,landbird,Passeriformes,Vireonidae,9,1,,Philadelphia Vireo,11.5,
232,207,pingro,Pinicola enucleator,Pine Grosbeak,Pine Grosbeak,landbird,Passeriformes,Fringillidae,12,1,,Pine Grosbeak,56.4,
233,208,pinsis,Spinus pinus,Pine Siskin,Pine Siskin,landbird,Passeriformes,Fringillidae,10,1,,NA,12.7,
234,209,pinwar,Setophaga pinus,Pine Warbler,Pine Warbler,landbird,Passeriformes,Parulidae,8,1,,NA,11.79,
235,211,prawar,Setophaga discolor,Prairie Warbler,Prairie Warbler,landbird,Passeriformes,Parulidae,14,1,,NA,7.64,
236,212,prowar,Protonotaria citrea,Prothonotary Warbler,Prothonotary Warbler,landbird,Passeriformes,Parulidae,14,1,,Prothonotary Warbler,14.3,
237,213,purfin,Haemorhous purpureus,Purple Finch,Purple Finch,landbird,Passeriformes,Fringillidae,8,1,,NA,23.3,
238,215,purmar,Progne subis,Purple Martin,Purple Martin,landbird,Passeriformes,Hirundinidae,9,2,,Purple Martin,53.79,
239,218,rebnut,Sitta canadensis,Red-breasted Nuthatch,Red-breasted Nuthatch,landbird,Passeriformes,Sittidae,7,1,,Red-breasted Nuthatch,9.8,
240,220,redcro,Loxia curvirostra,Red Crossbill,Red Crossbill,landbird,Passeriformes,Fringillidae,9,1,,Red Crossbill,38.29,
241,224,reevir1,Vireo olivaceus,Red-eyed Vireo,Red-eyed Vireo,landbird,Passeriformes,Vireonidae,5,1,,Red-eyed Vireo,16.06,
242,230,rewbla,Agelaius phoeniceus,Red-winged Blackbird,Red-winged Blackbird,landbird,Passeriformes,Icteridae,8,2,,Red-winged Blackbird,50.78,
243,234,robgro,Pheucticus ludovicianus,Rose-breasted Grosbeak,Rose-breasted Grosbeak,landbird,Passeriformes,Cardinalidae,10,1,,Rose-breasted Grosbeak,42,
244,242,ruckin,Corthylio calendula,Ruby-crowned Kinglet,Ruby-crowned Kinglet,landbird,Passeriformes,Regulidae,7,1,,NA,6.19,
245,246,rusbla,Euphagus carolinus,Rusty Blackbird,Rusty Blackbird,landbird,Passeriformes,Icteridae,12,1,,Rusty Blackbird,59.57,
246,251,savspa,Passerculus sandwichensis,Savannah Sparrow,Savannah Sparrow,landbird,Passeriformes,Passerellidae,10,1,,Savannah Sparrow,19.97,
247,252,scatan,Piranga olivacea,Scarlet Tanager,Scarlet Tanager,landbird,Passeriformes,Cardinalidae,12,1,,Scarlet Tanager,28.2,
248,253,sedwre1,Cistothorus stellaris,Sedge Wren,Sedge Wren,landbird,Passeriformes,Troglodytidae,9,1,,NA,9.04,
249,258,snobun,Plectrophenax nivalis,Snow Bunting,Snow Bunting,landbird,Passeriformes,Calcariidae,11,1,,Snow Bunting,42.2,
250,264,sonspa,Melospiza melodia,Song Sparrow,Song Sparrow,landbird,Passeriformes,Passerellidae,9,1,,Song Sparrow,21.91,
251,269,sumtan,Piranga rubra,Summer Tanager,Summer Tanager,landbird,Passeriformes,Cardinalidae,8,1,,Summer Tanager,29.13,
252,271,swaspa,Melospiza georgiana,Swamp Sparrow,Swamp Sparrow,landbird,Passeriformes,Passerellidae,7,2,,Swamp Sparrow,16.1,
253,272,swathr,Catharus ustulatus,Swainson's Thrush,Swainson's Thrush,landbird,Passeriformes,Turdidae,9,1,,Swainson's Thrush,30.3,
254,273,swawar,Limnothlypis swainsonii,Swainson's Warbler,Swainson's Warbler,landbird,Passeriformes,Parulidae,13,1,,Swainson's Warbler,18.9,
255,275,tenwar,Leiothlypis peregrina,Tennessee Warbler,Tennessee Warbler,landbird,Passeriformes,Parulidae,10,1,,NA,8.9,
256,276,treswa,Tachycineta bicolor,Tree Swallow,Tree Swallow,landbird,Passeriformes,Hirundinidae,10,2,,Tree Swallow,21.2,
257,279,tuftit,Baeolophus bicolor,Tufted Titmouse,Tufted Titmouse,landbird,Passeriformes,Paridae,7,1,,Tufted Titmouse,21.6,
258,283,veery,Catharus fuscescens,Veery,Veery,landbird,Passeriformes,Turdidae,11,1,,Veery,31.9,
259,284,vesspa,Pooecetes gramineus,Vesper Sparrow,Vesper Sparrow,landbird,Passeriformes,Passerellidae,11,1,,Vesper Sparrow,25.68,
260,287,warvir,Vireo gilvus,Warbling Vireo,Warbling Vireo,landbird,Passeriformes,Vireonidae,8,1,,Warbling Vireo,12.67,
261,291,whbnut,Sitta carolinensis,White-breasted Nuthatch,White-breasted Nuthatch,landbird,Passeriformes,Sittidae,6,1,,White-breasted Nuthatch,21,
262,292,whcspa,Zonotrichia leucophrys,White-crowned Sparrow,White-crowned Sparrow,landbird,Passeriformes,Passerellidae,9,1,,White-crowned Sparrow,28,
263,293,whevir,Vireo griseus,White-eyed Vireo,White-eyed Vireo,landbird,Passeriformes,Vireonidae,7,1,,White-eyed Vireo,11.4,
264,296,whtspa,Zonotrichia albicollis,White-throated Sparrow,White-throated Sparrow,landbird,Passeriformes,Passerellidae,9,1,,White-throated Sparrow,24.4,
265,297,whwcro,Loxia leucoptera,White-winged Crossbill,White-winged Crossbill,landbird,Passeriformes,Fringillidae,6,1,,White-winged Crossbill,28.69,
266,299,wilfly,Empidonax traillii,Willow Flycatcher,Willow Flycatcher,landbird,Passeriformes,Tyrannidae,10,1,,Willow Flycatcher,13.39,
267,304,winwre3,Troglodytes hiemalis,Winter Wren,Winter Wren,landbird,Passeriformes,Troglodytidae,12,1,,NA,9.74,
268,305,wlswar,Cardellina pusilla,Wilson's Warbler,Wilson's Warbler,landbird,Passeriformes,Parulidae,9,1,,NA,6.96,
269,306,woewar1,Helmitheros vermivorum,Worm-eating Warbler,Worm-eating Warbler,landbird,Passeriformes,Parulidae,13,1,,Worm-eating Warbler,14.16,
270,309,woothr,Hylocichla mustelina,Wood Thrush,Wood Thrush,landbird,Passeriformes,Turdidae,14,1,,Wood Thrush,50.09,
271,313,yebcha,Icteria virens,Yellow-breasted Chat,Yellow-breasted Chat,landbird,Passeriformes,Icteriidae,10,1,,Yellow-breasted Chat,24.89,
272,315,yebfly,Empidonax flaviventris,Yellow-bellied Flycatcher,Yellow-bellied Flycatcher,landbird,Passeriformes,Tyrannidae,10,1,,Yellow-bellied Flycatcher,11.8,
273,317,yelwar,Setophaga petechia,Yellow Warbler,Yellow Warbler,landbird,Passeriformes,Parulidae,8,1,,NA,10.8,
274,318,yerwar,Setophaga coronata,Yellow-rumped Warbler,Yellow-rumped Warbler,landbird,Passeriformes,Parulidae,8,1,,NA,11.94,
275,319,yetvir,Vireo flavifrons,Yellow-throated Vireo,Yellow-throated Vireo,landbird,Passeriformes,Vireonidae,10,1,,Yellow-throated Vireo,18,
276,320,yetwar,Setophaga dominica,Yellow-throated Warbler,Yellow-throated Warbler,landbird,Passeriformes,Parulidae,10,1,,NA,9.69,
277,5,amebit,Botaurus lentiginosus,American Bittern,American Bittern,waterbird,Pelecaniformes,Ardeidae,12,3,,American Bittern,706,
278,15,amwpel,Pelecanus erythrorhynchos,American White Pelican,American White Pelican,waterbird,Pelecaniformes,Pelecanidae,10,4,,American White Pelican,5608.48,
279,26,bcnher,Nycticorax nycticorax,Black-crowned Night Heron,Black-crowned Night-Heron,waterbird,Pelecaniformes,Ardeidae,10,3,,Black-crowned Night-heron,810,
280,52,brnpel,Pelecanus occidentalis,Brown Pelican,Brown Pelican,waterbird,Pelecaniformes,Pelecanidae,11,4,,Brown Pelican,3427.84,
281,72,categr,Bubulcus ibis/coromandus,Western/Eastern Cattle Egret,Cattle Egret,waterbird,Pelecaniformes,Ardeidae,9,3,,NA,365.95,
282,118,gloibi,Plegadis falcinellus,Glossy Ibis,Glossy Ibis,waterbird,Pelecaniformes,Threskiornithidae,8,3,,Glossy Ibis,626.61,
283,124,grbher3,Ardea herodias,Great Blue Heron,Great Blue Heron,waterbird,Pelecaniformes,Ardeidae,8,3,,Great Blue Heron,2523.41,
284,127,greegr,Ardea alba,Great Egret,Great Egret,waterbird,Pelecaniformes,Ardeidae,6,3,,NA,871.33,
285,131,grnher,Butorides virescens,Green Heron,Green Heron,waterbird,Pelecaniformes,Ardeidae,12,3,,Green Heron,201.5,
286,156,leabit,Ixobrychus exilis,Least Bittern,Least Bittern,waterbird,Pelecaniformes,Ardeidae,10,3,,Least Bittern,86.29,
287,162,libher,Egretta caerulea,Little Blue Heron,Little Blue Heron,waterbird,Pelecaniformes,Ardeidae,12,3,,Little Blue Heron,338.61,
288,221,redegr,Egretta rufescens,Reddish Egret,Reddish Egret,waterbird,Pelecaniformes,Ardeidae,15,3,,Reddish Egret,614,
289,239,rosspo1,Platalea ajaja,Roseate Spoonbill,Roseate Spoonbill,waterbird,Pelecaniformes,Threskiornithidae,9,3,,Roseate Spoonbill,1490,
290,259,snoegr,Egretta thula,Snowy Egret,Snowy Egret,waterbird,Pelecaniformes,Ardeidae,7,3,,Snowy Egret,371,
291,277,triher,Egretta tricolor,Tricolored Heron,Tricolored Heron,waterbird,Pelecaniformes,Ardeidae,12,3,,Tricoloured Heron,372.3,
292,294,whfibi,Plegadis chihi,White-faced Ibis,White-faced Ibis,waterbird,Pelecaniformes,Threskiornithidae,7,3,,White-faced Ibis,616.89,
293,295,whiibi,Eudocimus albus,White Ibis,White Ibis,waterbird,Pelecaniformes,Threskiornithidae,9,3,,White Ibis,889.66,
294,312,ycnher,Nyctanassa violacea,Yellow-crowned Night Heron,Yellow-crowned Night-Heron,waterbird,Pelecaniformes,Ardeidae,12,3,,Yellow-crowned Night-heron,681.67,
295,33,bkbwoo,Picoides arcticus,Black-backed Woodpecker,Black-backed Woodpecker,landbird,Piciformes,Picidae,8,1,,Black-backed Woodpecker,69.24,
296,96,dowwoo,Dryobates pubescens,Downy Woodpecker,Downy Woodpecker,landbird,Piciformes,Picidae,8,1,,NA,25.55,
297,136,haiwoo,Dryobates villosus,Hairy Woodpecker,Hairy Woodpecker,landbird,Piciformes,Picidae,6,1,,NA,62.65,
298,185,norfli,Colaptes auratus,Northern Flicker,Northern Flicker,landbird,Piciformes,Picidae,10,1,,Northern Flicker,131.46,
299,206,pilwoo,Dryocopus pileatus,Pileated Woodpecker,Pileated Woodpecker,landbird,Piciformes,Picidae,7,1,,Pileated Woodpecker,286.59,
300,219,rebwoo,Melanerpes carolinus,Red-bellied Woodpecker,Red-bellied Woodpecker,landbird,Piciformes,Picidae,7,1,,Red-bellied Woodpecker,69.5,
301,225,rehwoo,Melanerpes erythrocephalus,Red-headed Woodpecker,Red-headed Woodpecker,landbird,Piciformes,Picidae,12,1,,Red-headed Woodpecker,71.6,
302,316,yebsap,Sphyrapicus varius,Yellow-bellied Sapsucker,Yellow-bellied Sapsucker,landbird,Piciformes,Picidae,7,1,,Yellow-bellied Sapsucker,50.3,
303,80,clagre,Aechmophorus clarkii,Clark's Grebe,Clark's Grebe,waterbird,Podicipediformes,Podicipedidae,11,5,,Clark's Grebe,1090.93,
304,143,horgre,Podiceps auritus,Horned Grebe,Horned Grebe,waterbird,Podicipediformes,Podicipedidae,13,5,,Horned Grebe,453,
305,158,leagre,Tachybaptus dominicus,Least Grebe,Least Grebe,waterbird,Podicipediformes,Podicipedidae,8,5,,Least Grebe,132.59,
306,205,pibgre,Podilymbus podiceps,Pied-billed Grebe,Pied-billed Grebe,waterbird,Podicipediformes,Podicipedidae,8,5,,Pied-billed Grebe,411.93,
307,226,rengre,Podiceps grisegena,Red-necked Grebe,Red-necked Grebe,waterbird,Podicipediformes,Podicipedidae,9,5,,Red-necked Grebe,1023,
308,288,wesgre,Aechmophorus occidentalis,Western Grebe,Western Grebe,waterbird,Podicipediformes,Podicipedidae,12,5,,Western Grebe,1136.95,
309,48,brdowl,Strix varia,Barred Owl,Barred Owl,landbird,Strigiformes,Strigidae,7,1,,Barred Owl,711.49,
310,51,brnowl,Tyto alba,Barn Owl,Barn Owl,landbird,Strigiformes,Tytonidae,8,1,,Barn Owl,403.32,
311,101,easowl1,Megascops asio,Eastern Screech-Owl,Eastern Screech-Owl,landbird,Strigiformes,Strigidae,9,1,,Eastern Screech-owl,179.99,
312,130,grhowl,Bubo virginianus,Great Horned Owl,Great Horned Owl,landbird,Strigiformes,Strigidae,8,1,,Great Horned Owl,1575.7,
313,167,loeowl,Asio otus,Long-eared Owl,Long-eared Owl,landbird,Strigiformes,Strigidae,10,1,,Long-eared Owl,296.57,
314,194,nswowl,Aegolius acadicus,Northern Saw-whet Owl,Northern Saw-whet Owl,landbird,Strigiformes,Strigidae,8,1,,Northern Saw-whet Owl,100.69,
315,256,sheowl,Asio flammeus,Short-eared Owl,Short-eared Owl,landbird,Strigiformes,Strigidae,12,1,,Short-eared Owl,322.61,
316,261,snoowl1,Bubo scandiacus,Snowy Owl,Snowy Owl,landbird,Strigiformes,Strigidae,13,1,,NA,2028.76,
317,16,anhing,Anhinga anhinga,Anhinga,Anhinga,waterbird,Suliformes,Anhingidae,8,3,,Anhinga,1235,
318,95,doccor,Nannopterum auritum,Double-crested Cormorant,Double-crested Cormorant,waterbird,Suliformes,Phalacrocoracidae,8,3,,NA,1806.49,
319,126,grecor,Phalacrocorax carbo,Great Cormorant,Great Cormorant,waterbird,Suliformes,Phalacrocoracidae,10,3,,Great Cormorant,2528.97,
320,182,neocor,Nannopterum brasilianum,Neotropic Cormorant,Neotropic Cormorant,waterbird,Suliformes,Phalacrocoracidae,6,3,,NA,1239.29,
